-1.616823092387e+00,1.585847168721e+02,5.471197128471e+00,2.637450349669e+00
1.175785145425e+01,1.458386622550e+03,6.397601404235e+00,4.618219326573e-01
7.863628596779e+00,4.294211596704e+01,4.410676734876e+00,2.009300351124e+00
1.283434261972e+01,2.370004644914e+03,3.556889393908e+00,1.110635567356e+00
1.139174574079e+01,5.376713741859e+03,5.432574645458e+00,1.102348357316e+00
1.777083749345e+01,2.052563596454e+01,5.838652735337e+00,4.311652649486e-01
7.107441375864e+00,9.261065132320e+01,3.137518260260e+00,2.180519954988e+00
1.766319063939e+01,5.148308012555e+02,5.430940930690e+00,1.058914152860e+00
6.080319049390e+00,1.389185273716e+02,3.132860773059e+00,1.372394978270e+00
3.340002260657e+00,4.712709480126e+03,4.439373818239e+00,2.454761913387e+00
1.651417729500e+00,3.703749684213e+02,3.225182197566e+00,1.118908233720e+00
3.561995140108e+00,1.489426480461e+02,3.071322662368e+00,1.083752202910e+00
1.579622169023e+01,1.981835813480e+03,5.584577264454e+00,1.602602899089e+00
5.700869418993e-01,2.642010761386e+00,1.754846290970e+00,3.153598319436e+00
3.289214513491e+00,3.676034542125e+02,1.490039859197e+00,7.336012984750e+00
1.322399829792e+01,3.352564342307e+00,6.539553760818e+00,2.992609845011e-02
1.181886208080e+01,5.144499233882e+01,1.830246231259e+00,1.853561680561e+00
1.543133930405e+01,1.108755245985e+03,1.168976855224e+00,2.743758244728e+00
6.458762008744e+00,1.882438384431e+02,6.685098312328e+00,3.327251714830e+00
3.467604363233e+00,7.411189769513e+01,3.771618565211e+00,9.705000825839e-01
1.865485618667e+01,2.079840498231e+02,6.018548827885e+00,1.224211118864e+00
1.303456534761e+01,5.405694611695e+02,6.801990180799e+00,6.386559426956e-01
7.691289754931e+00,1.756203969719e+04,4.979679449255e+00,2.643862222276e+00
8.780730251813e+00,5.976375134600e+00,3.720152419988e+00,2.625409219069e+00
-2.521835732658e+00,5.708716316868e+01,4.255211748919e+00,7.979333723026e-01
1.316615969856e+01,1.916684321113e+02,6.408623989923e+00,8.249295516415e-01
2.364232680955e+00,1.495200724111e+01,6.706829260612e+00,2.105144571037e+00
1.267031744957e+01,3.463493034671e+01,5.076706910929e+00,1.171842120457e+00
7.227743902881e+00,3.923142988507e+02,2.629858911367e+00,8.750979631726e+00
1.372148687649e+01,5.417596380732e+00,4.544854092296e+00,1.433663090932e+00
1.403284841818e+00,3.330072854351e+00,3.687244460900e+00,1.576960752909e+00
4.310242062705e-01,5.914161039950e+01,5.243370226738e+00,2.526987947057e-01
9.574963810613e+00,3.959672419815e+00,2.401507575173e+00,1.015232212144e+00
4.934107776399e+00,1.562332726325e+04,4.164288660796e+00,2.806074477189e+00
8.737790614871e+00,1.214376785442e+02,5.979813793634e+00,1.549443887970e+00
1.209620855942e+01,1.781843901275e+02,1.779163525128e+00,1.293707218109e+00
1.101370118657e+01,2.613987340854e+02,1.291769603386e+00,2.054928244515e+00
1.400141452070e+01,1.377756242800e+02,3.511796375301e+00,5.586693567931e+00
1.108108562338e+01,4.055976096195e+01,2.562154120594e+00,2.414905864039e+00
3.587118062628e+00,1.780250681656e+01,2.844412790634e+00,2.668415003384e+00
9.827827321434e+00,8.477855154072e+00,6.114723342427e+00,8.754191835208e-01
7.114269655577e+00,1.687646090092e+00,3.557032464892e+00,5.179411536042e+00
7.974007487297e+00,1.897034809302e+03,4.556800783675e+00,9.904113534609e-02
1.213290295059e+01,1.840058578372e+02,6.205115156569e+00,1.157339981050e-01
1.116685801531e+01,1.997369534119e+01,3.009169201156e+00,6.777730475871e-01
1.350646381851e+01,5.054472966849e+02,4.869858905745e+00,2.980813647374e+00
1.676590982190e+01,8.068014194075e+02,5.825043740160e+00,9.882140317871e-01
9.333375849412e+00,8.098542381831e+02,6.882030548322e+00,6.821459544983e-01
5.879951836088e+00,1.047400045014e+04,1.936272819747e+00,6.912570677629e-01
1.885146168653e+01,5.180096719195e+02,1.454911575284e+00,1.749631107559e+00
5.141382676938e+00,1.634712685487e+02,5.156054801209e+00,1.456927349549e+00
1.140112435488e+01,1.976263412002e+02,2.343823478408e+00,1.244284133716e+00
1.907576491910e+01,5.474699776684e+01,5.730353686651e+00,2.803012905063e-01
9.491350393933e+00,5.316904607867e+00,6.956678706146e+00,1.132028719376e+00
1.513482126780e+01,8.952728166582e+01,4.338763865628e+00,2.483402933897e+00
1.401464396715e+01,1.631747044251e+03,2.872146607870e+00,4.751822807303e+00
1.022213475523e+01,4.268085897304e+01,5.283678504740e+00,3.175708997990e+00
1.496063430068e+01,3.445683686717e+02,1.268437560626e+00,1.901794629388e-01
3.830383156651e+00,3.888239285517e+02,3.064390954582e+00,2.050484447164e+00
1.430011264885e+01,4.759453244512e+00,5.777537052471e+00,4.506983490776e-01
7.202307308603e+00,1.210212154864e+02,5.763858434108e+00,7.349277361030e-01
8.032898926022e+00,1.851628867787e+02,5.924483198549e+00,5.890904570859e-01
1.306298859388e+01,1.806770967555e+03,3.328349042252e+00,5.709947189611e-01
9.212572301167e+00,2.714549730321e+01,4.439103149190e+00,2.914390132878e+00
1.147315327476e+01,7.450548625699e+01,1.000925104396e+00,3.462952370310e+00
2.524408165072e-01,1.397367800688e+02,4.885164097288e+00,5.647843171659e-04
5.045186867475e-01,1.322049026482e+05,5.876065797096e+00,1.257706678194e-01
5.931909563155e+00,1.094478112250e+02,5.030948126029e+00,3.807657661033e+00
1.317539076882e+01,6.932169852965e+02,1.572454865225e+00,5.966548624630e-01
1.887613796438e+01,2.054826711076e+03,1.959597418841e+00,5.498688586674e-02
2.256121468315e+01,9.403737485801e+02,4.247557224374e+00,3.055161841118e+00
9.986874913974e+00,2.390466637795e+02,6.060730358059e+00,4.277734493150e+00
6.510511040229e+00,2.127068667478e+03,6.505882687340e+00,5.194121202122e+00
1.410060719849e+01,2.278046306560e+00,6.755914036274e+00,1.825370672693e+00
1.312667930453e+01,4.343502260040e+02,5.238952331504e+00,1.196813379834e+00
1.109689564461e+01,3.823666001812e+01,3.421913717817e+00,2.968831674842e+00
1.374358734482e+01,5.133923681583e+01,1.086157604636e+00,2.087086203299e+00
8.734957956541e+00,6.155604829106e+02,2.667321875501e+00,1.158885202384e+00
4.060719643887e+00,1.817999367288e+02,4.911810360796e+00,5.028355996549e+00
7.229546086859e+00,1.894543228939e+03,2.000116788977e+00,5.478727741667e+00
4.668782236901e+00,2.384343216076e+02,3.125371184601e+00,1.671398840333e-01
1.346452505417e+01,7.100266083015e+02,3.583161644118e+00,2.688319858535e+00
5.442300501288e+00,7.657993352243e+00,1.910975473836e+00,1.005414668007e+01
1.316891830126e+01,1.247362208527e+01,6.106485325855e+00,8.502858640230e-01
2.320265479084e+01,2.605761524328e+03,2.469538164579e+00,2.066925802139e-01
1.089347120505e+01,2.489473923393e+04,2.337772278873e+00,1.787418523797e+00
8.772928743252e+00,4.366975897681e+02,5.236418675274e+00,4.466585912170e+00
1.120888472366e+01,8.755992577550e+01,1.813889253522e+00,2.751807337152e-02
8.684310085104e+00,3.396901153549e+01,3.240748005854e+00,1.558632036032e+00
-3.130224134781e+00,2.978992461564e+01,6.101582465683e+00,1.530866362190e+00
-7.416276940484e-01,1.897711812285e+02,2.836089993802e+00,1.235063160448e+00
4.371371188403e+00,3.648328688597e+02,4.531075694407e+00,7.076266452965e-01
9.887162270995e+00,1.287583431957e+01,3.235217627747e+00,2.122696381090e-01
9.163059621348e+00,6.908230267862e+03,4.753710529043e+00,3.470166913660e+00
4.617113634771e+00,4.450721455091e+02,6.886207710406e+00,5.464343245651e-01
-1.076142884500e+00,2.668308657823e+02,3.092161282672e+00,2.651831662105e-01
7.250503966898e+00,3.493370981824e+01,4.325453310385e+00,6.367554875573e-01
1.196073428716e+01,7.357076328096e+02,5.276332376009e+00,2.338887082450e-01
1.485344501770e+01,2.717851732976e+01,6.117036932186e+00,2.725300199148e+00
7.317819974952e+00,5.431354453940e+02,1.631518616148e+00,6.140810314396e+00
5.184091965854e+00,6.839195781581e+03,3.834135013580e+00,6.520196764204e+00
1.221068767483e+01,8.717803718012e+03,3.402668475957e+00,1.241217024629e-01
1.548874150348e+01,1.375140713566e+01,4.678058325054e+00,2.958526339026e+00
1.117879844194e+01,1.386837742576e+02,1.049207972158e+00,9.695123879508e-01
8.348275335026e+00,3.880888393758e+03,5.866646897759e+00,7.296351110468e+00
1.415333752660e+00,1.604726809305e+02,2.701628876346e+00,6.608343714845e-01
1.047157105888e+01,1.251877068255e+01,4.891576605956e+00,3.012688335122e+00
1.414336080039e+01,3.496377795802e+02,2.643247177880e+00,6.816166632764e-01
1.479340186094e+01,5.571443908159e+02,2.997220361078e+00,8.074471561338e+00
1.404404398034e+01,2.664054950937e+02,6.955063372655e+00,2.475460231143e+00
1.625773664138e+01,5.053814216822e+01,3.455346682789e+00,1.760228867786e-01
1.634500127319e+01,2.877073160546e+01,1.549766286509e+00,2.785364241424e+00
1.593972597183e+01,5.196131897788e+01,5.325504695675e+00,2.910930029702e+00
9.587068337334e+00,1.347231043347e+02,3.997395619287e+00,8.250023024362e+00
5.955051435432e+00,4.663314164104e+00,1.243623558226e+00,1.526341858947e+00
1.332696866723e+01,1.355126083705e+02,1.479517522024e+00,2.329948115568e+00
6.655709253964e+00,2.425437406487e+01,5.704830272449e+00,6.138834402229e+00
1.300412683488e+01,1.983727234516e+01,1.364386876189e+00,6.352741311191e-01
1.668847101784e+01,1.473576030041e+02,2.342034145789e+00,8.944137434049e+00
1.650226697789e+01,1.169876252428e+02,6.727083974069e+00,1.512247701937e+00
2.197775852881e+01,2.594216528148e+02,2.438220317456e+00,1.285666351418e+00
2.902209189824e+00,1.036474536315e+02,3.991361527140e+00,1.911405167008e-01
1.751438521940e+01,3.878460867153e+00,6.463960998750e+00,4.151831636143e+00
1.187186732186e+01,7.133881402448e+01,1.232218992941e+00,5.550340482561e+00
8.723022812194e+00,2.823672870499e+03,6.947452414278e+00,9.983351375068e-01
6.938752139573e+00,2.725927510980e+04,4.767171303500e+00,7.075873350180e-01
5.394925017888e+00,6.734350851740e+02,6.613714360015e+00,1.771561820535e+00
1.533827432301e+01,1.390347324031e+01,2.719911985766e+00,2.267674691946e+00
1.698385511742e+01,2.141343370002e+01,5.122792167884e+00,1.977947635031e+00
1.604650449317e+01,1.479836306452e+02,2.845146127298e+00,2.140709467279e-01
1.017266778555e+01,1.598359086066e+01,5.804260014600e+00,8.853732413280e-01
4.660874825070e+00,5.107066648727e+02,2.928782080335e+00,3.620372250701e+00
1.061332539724e+01,1.706916840829e+03,6.214258116263e+00,3.525810836356e+00
5.432393041949e+00,1.165297576132e+05,3.508370966510e+00,6.392089802240e-01
1.152991176836e+01,7.880803446048e+02,4.375638820242e+00,8.650573250603e-01
-2.125129696590e+00,1.550543999373e+02,1.440717194403e+00,4.864576763986e+00
5.379182951459e+00,6.472313360077e+01,2.925182406069e+00,6.392932630150e+00
1.703174461707e+01,1.787572151673e+01,1.206930802874e+00,8.236947355655e-01
2.331068546992e+01,1.167884708493e+01,6.902611268579e+00,2.098209069364e+00
9.715059139658e+00,2.866476348710e+01,1.545555164199e+00,4.848592575572e+00
1.884383247484e+01,1.288969337229e+02,1.540438066222e+00,6.504090356293e-01
1.693884407989e+00,2.338075633688e+02,3.715847522644e+00,8.643100571499e-01
9.681349210443e+00,1.305718696143e+03,1.636113062494e+00,8.209520431249e-01
1.551161648340e+01,2.872087335752e+02,5.730047578083e+00,1.415006491619e+00
8.699876430964e+00,2.988117362595e+01,2.550593645027e+00,1.108736017007e+00
1.468990914680e+01,1.958250068225e+03,1.989521374999e+00,1.251112687554e+00
1.668084319464e+01,8.697123322368e+02,1.632748742012e+00,1.123356275213e+00
1.018486118600e+01,2.011512523142e+02,3.815470419878e+00,1.158495910313e+00
1.379192697677e+01,7.933388029945e+00,1.550113910295e+00,2.507883784395e+00
7.965965898374e+00,9.724236436256e+02,3.694725202547e+00,2.092489017908e-01
6.421847637261e+00,2.409731504938e+02,2.739071745169e+00,2.411003324096e+00
9.645001108843e+00,3.673984324429e+01,3.368100134916e+00,2.515279889090e+00
5.783687128807e+00,9.947967335094e+01,1.192058929479e+00,2.820478303893e+00
8.224345875229e+00,5.380025017967e+00,5.029040654041e+00,8.855715992835e+00
1.899794578954e+01,1.502476120328e+02,5.076275562123e+00,7.292207488365e+00
5.608757827925e+00,2.348470841680e+02,2.831047993609e+00,2.427398965620e+00
7.747046816242e+00,3.398278673075e+02,6.604091156855e+00,4.554821426894e+00
1.182849394943e+01,1.442449547373e+03,4.153120951676e+00,2.859391892291e+00
8.466334596713e+00,2.503119829970e+01,3.078265433082e+00,2.360170489991e+00
3.024895997701e+00,1.973353776143e+02,6.732944939126e+00,5.794373215705e+00
3.155598555193e+00,3.071424087072e+02,4.287212308833e+00,2.356239804212e+00
8.152622843327e-01,3.909815601172e+04,1.493483783542e+00,1.014337308628e+00
3.286427078206e+00,5.168045568325e+01,1.792247994065e+00,5.636660760142e+00
3.379259005635e+00,1.526800408652e+03,3.242874799833e+00,1.302532841180e+00
1.174971099650e+01,3.773208302757e+01,3.313644754518e+00,6.213173099431e-02
6.309906711602e+00,1.387358784019e+03,3.291529866891e+00,3.947706668978e+00
6.964792946654e+00,1.303276324268e+03,2.728266839060e+00,5.712862202385e-01
-2.501846604862e+00,2.790471473142e+01,1.898457767819e+00,1.295892035610e+00
5.873386262834e+00,1.946677072431e+04,3.697582034991e+00,5.554151887698e-01
5.658704251467e+00,1.111331537156e+03,6.771752656915e+00,4.038298327578e+00
8.112119963261e+00,1.755177404025e+01,4.077554170748e+00,5.433074691306e-01
1.017219192162e+01,2.488877100703e+01,1.948218384987e+00,1.223874001750e+00
1.648733399946e+01,7.133730133916e+00,1.830607182350e+00,5.276192225058e-01
4.382497194945e+00,3.628680635752e+03,1.671985929047e+00,4.444083878791e-01
2.706781249771e+00,1.766274455691e+01,4.344910667021e+00,1.952039892664e+00
1.006943378635e+00,8.665819023528e+02,2.011623651289e+00,2.658576746791e-01
3.950013524598e+00,8.763079296434e+00,6.551057415173e+00,2.317908745526e-01
6.616074463871e+00,7.210901643000e+00,3.620564323043e+00,8.378375187003e-01
1.560582487792e+00,6.306189709923e+01,4.064789689616e+00,3.343577212415e+00
7.478949245077e+00,7.336440176983e+01,6.723504592514e+00,6.271498390241e-01
9.838443759571e-01,1.612537915232e+01,5.181757213633e+00,9.922641894794e-01
8.747860668061e+00,6.127644104198e+01,1.925484459762e+00,2.279544935262e+00
1.160589336839e+01,2.079839661731e+02,4.616181740575e+00,1.215136740244e+00
1.914722426105e+01,4.102251562695e+03,5.299163183646e+00,6.495559488050e+00
7.824937844438e+00,1.968445642646e+01,3.702759135302e+00,3.791735566293e+00
6.611454168647e+00,7.056548211349e+01,2.805146109367e+00,2.507615522595e+00
1.869005207418e+01,2.954020394697e+02,1.159627294018e+00,3.235410195239e+00
1.925852185154e+01,7.148336328655e+01,4.487675799505e+00,2.234037407651e+00
1.341598671060e+01,1.592802281589e+01,3.073720817480e+00,2.960395817214e+00
1.511952351491e+01,7.547069234589e+01,3.050641344840e+00,2.459898325008e-02
9.174235523844e+00,3.362121410239e+03,6.964272682333e+00,1.034892062918e+00
9.904788019831e+00,5.081661277636e-01,2.001408611391e+00,2.622386572192e+00
-1.083812735823e+00,3.252816506921e+00,5.573839447213e+00,2.999500373978e+00
8.623281915260e+00,5.269707573113e+02,2.834491625924e+00,7.205483361016e-02
6.252451554509e+00,4.194837978164e+02,3.058960342887e+00,8.723154819734e-01
7.639163983424e+00,1.460632814238e+02,5.466215205471e+00,1.124205872278e+00
1.277524686768e+01,7.383205158015e+02,2.848608807217e+00,4.006085736205e+00
1.757461859223e+01,3.222517535901e+01,2.981710825167e+00,1.443855557127e-02
1.231606656215e+01,1.754939277774e+03,5.969113981139e+00,4.520261862152e+00
2.226979559315e+01,1.110286509021e+02,1.336885602934e+00,1.133256551346e+00
2.062304659197e+01,2.082939352857e+03,6.274842434265e+00,2.504147990170e+00
8.936226914604e+00,8.795645154374e+01,1.150669978466e+00,7.884779946833e+00
1.636827796438e+01,9.573552015066e+02,2.513527710954e+00,6.192273173158e-01
4.451236717080e+00,2.275829127990e+01,1.259753313519e+00,6.860495886980e+00
1.141968590983e+01,3.412617803649e+00,3.220196013090e+00,1.478525336774e+00
7.122702766852e+00,1.013732073268e+03,3.805036800661e+00,3.044803317123e-01
-8.408992909001e-01,1.424075568861e+03,3.503301715113e+00,1.663814595013e-02
1.628468994865e+01,1.785194044721e+02,5.257098409021e+00,4.930179199426e-01
1.035217516990e+01,6.451029840820e-01,5.295970771840e+00,1.941037340454e-01
1.090333131927e+01,8.044355433662e+03,5.852420399063e+00,4.900520965790e+00
1.341285576766e+01,1.141964614349e+02,3.377149618258e+00,3.002584660067e+00
5.295944513619e+00,1.301279388284e+02,5.047640941553e+00,2.790809775694e+00
1.030924773832e+01,1.206821102572e+01,6.046994744996e+00,1.518184342884e+00
6.997234974297e+00,2.074428405996e+01,1.219794820479e+00,1.163647776934e+00
1.201911869642e+01,2.358318392586e+02,3.440237906002e+00,3.955538881468e+00
1.348517858661e+01,4.353113891526e+01,1.166110821193e+00,6.318156593346e+00
8.769723985344e+00,2.358676297095e+02,6.369244710230e+00,6.525746797398e+00
1.101584482627e+01,1.501533649689e+01,3.991545829701e+00,1.186605363914e-01
1.187789329739e+01,6.795297082842e+01,2.855359124184e+00,3.399884783043e+00
1.083005018109e+01,7.329446928016e+02,2.670924295423e+00,1.197254870494e+01
1.146689408247e+01,7.553842226532e+01,1.060146009494e+00,1.552819250989e-01
7.956411466592e+00,2.501829986667e+03,5.223800807015e+00,4.973019364623e+00
1.320373953843e+01,2.394646696679e+03,2.135013498018e+00,1.203715038772e+00
2.063095671333e+01,8.368614627789e+01,6.758104329800e+00,3.136588246041e+00
3.054355781737e+00,4.861505384918e+01,6.319927300555e+00,1.101651825223e+00
1.641757496128e+01,1.581938041556e+00,1.125225211249e+00,4.088461552486e-01
6.555501729296e+00,2.335598536050e+01,4.055341612210e+00,3.295299769423e-01
1.585060427112e+01,1.541520007543e+01,5.907389697237e+00,1.180424070351e+00
1.780563818782e+01,2.558033234003e+02,5.576390758068e+00,2.637214195072e+00
1.675925523253e+01,6.208648235716e+01,6.396774746747e+00,1.026479582526e+00
8.961044088622e+00,8.826410628084e+01,5.619590631498e+00,2.222452163564e+00
9.847123649162e+00,1.062055449830e+03,3.160595450752e+00,1.398580084857e-01
-3.938830016551e+00,4.681051507734e+01,2.112117970697e+00,9.753206723489e-01
7.962856889484e+00,1.362402672690e+02,4.045430443177e+00,4.665699369882e-01
1.424676046783e+01,1.570594641555e+03,1.932728187293e+00,4.263022131953e+00
1.605679714820e+01,1.560572261167e+01,2.937269795179e+00,1.393725435158e+00
1.610977989881e+01,8.303714018516e+01,2.764789608206e+00,1.134697285988e+00
1.068137721370e+01,9.664819610486e+01,6.533750768376e+00,1.535592160946e+00
1.046913638994e+01,1.494428304911e+02,3.655120642359e+00,1.096700674710e+00
1.339711864366e+01,5.714123155673e+01,2.935540134385e+00,2.916094108987e+00
1.123879087715e+01,5.046866814340e+02,3.115261277400e+00,2.288436273488e+00
5.207489489194e-01,5.777130754341e+01,4.442186789861e+00,1.162387552533e+00
1.309222653086e+01,1.295810633396e+04,4.336660437178e+00,4.512247707485e-01
1.094623833424e+01,3.117297951917e+02,3.219584190253e+00,3.158067990814e+00
1.286776480563e+01,4.055998882404e+01,4.240296194453e+00,2.506167833284e+00
5.483522752325e+00,1.534141501438e+02,2.736591331785e+00,5.793797115697e+00
1.681383145579e+01,3.737767448881e+01,3.663554248428e+00,2.884090521544e-01
1.043508732347e+01,2.077789428383e+03,5.572766593634e+00,7.215186562216e-01
4.943981454146e+00,4.247086192687e+03,2.837587761165e+00,1.047328994153e+00
1.163933397834e+01,4.915094239937e+02,2.314561897642e+00,8.833061974654e+00
9.802642808061e+00,9.652936300117e+01,6.815614981095e+00,4.355895699860e-01
6.450512466173e+00,1.518172144013e+02,4.419674176597e+00,1.091827165241e+00
1.369154775234e+01,1.177448218901e+02,4.308398843561e+00,3.937697651952e+00
7.598558649304e+00,5.969910449843e+02,3.244057540342e+00,2.686367712699e+00
1.592685584716e+01,4.529152395110e+03,4.388340139899e+00,2.540769045931e+00
1.693240007670e+01,2.584369928103e+02,5.940473228318e+00,1.549458855106e+00
7.409937007412e+00,2.719929642936e+01,6.953171887889e+00,7.312374570676e-01
1.110616836693e+01,4.042680974275e+01,2.487342526658e+00,8.344265853521e-01
1.830045566106e+01,3.903140572673e+01,5.927044159409e+00,4.959290864529e-01
1.175812272747e+01,3.647795321711e+02,2.845361217785e+00,8.015445160331e-01
7.595500238045e+00,2.234298401733e+02,2.343306758663e+00,8.405518982198e+00
1.664389482885e+01,2.176774574848e+01,1.700275855981e+00,1.185478090778e+00
7.902999952354e+00,6.819853323919e+01,5.933728248900e+00,7.941316692498e-01
1.215532419115e+01,8.844278193608e+02,6.350532057586e+00,6.004639948977e-01
1.858005610060e+01,6.207784777434e+02,6.159737120404e+00,2.122298984807e-01
1.194888615675e+01,1.341861701817e+03,6.922944283314e+00,2.267968109294e+00
7.158374175600e+00,6.481079434775e+01,2.151804153184e+00,4.294553282749e-02
1.049858492419e+01,5.976740047226e+01,3.038645875905e+00,1.105802515106e-01
1.306952101640e+01,1.039020250813e+02,5.301619268858e+00,5.161191900480e-01
6.082683702085e+00,1.314603292774e+02,3.264511190719e+00,4.019144370499e-01
1.365655541631e+01,5.172268801991e+03,1.006393430702e+00,4.465600379375e-01
5.961203402115e+00,1.848899738726e+02,5.985839022498e+00,6.007554313689e-01
8.260591001196e+00,1.111571172949e+01,2.275101407552e+00,3.687061852236e-01
5.703638445074e+00,2.675767261753e+02,2.006861931277e+00,2.737309206988e-01
1.068684596796e+01,1.831889520980e+01,3.405704807010e+00,2.860193592009e+00
6.504883634945e+00,1.763503979329e+01,3.421750649958e+00,9.972921525461e+00
2.777344530636e+00,1.585809740689e+03,4.413554500282e+00,2.373375037574e-02
1.215038119425e+01,5.117416131701e+02,6.107681651924e+00,1.777966166547e-01
1.110766435926e+01,1.196589182967e+03,3.784819137863e+00,7.813489300286e-01
7.311474793775e+00,2.272639459935e+02,3.676967216577e+00,2.088391342703e+00
1.458535222862e+01,5.122796346938e+01,2.573119843053e+00,6.502472702967e-01
9.662459933474e+00,3.069812126683e+00,5.830091819757e+00,8.852984090118e-01
1.813687951422e+01,8.600478818096e+03,3.768304342013e+00,4.104572383128e+00
9.377225773961e+00,3.851962181744e+01,2.455262468809e+00,3.087850858189e+00
1.106655706929e+01,1.384571894681e+02,2.142274711781e+00,4.203450207854e-01
6.633946507439e+00,1.040092880769e+02,3.084744722687e+00,3.354766395248e-01
1.205509124725e+01,1.321685803177e+03,6.606152053871e+00,4.028486988891e+00
1.690831145745e+01,2.712214062798e+02,6.535936640931e+00,1.239813886529e+00
1.080124252944e+01,1.840229306071e+03,1.222122317193e+00,1.238073502118e+00
1.904864663779e+01,2.309695614383e+01,5.441189589872e+00,1.099335842583e+00
7.869881909572e-01,2.922075515993e+03,6.384481665288e+00,1.710426311457e+00
5.843367885612e+00,7.595773315394e+01,4.285142735626e+00,1.864281313407e+00
1.272151962345e+00,1.906463659328e+01,5.457413590929e+00,7.911002453847e+00
1.497864336018e+00,3.855741771454e+01,4.846229871046e+00,8.411940282835e-02
1.377645498090e+01,1.068819905427e+02,6.127085088487e+00,1.339216996986e+00
1.313566600036e+01,2.651008669234e+02,4.940268110554e+00,9.872243575715e-01
6.882277378524e+00,4.842752471486e+02,5.090149568566e+00,5.864576004625e+00
5.705269820600e+00,1.540395147731e+03,6.239716252794e+00,8.381734536236e-01
1.168406518185e+01,3.090882247601e+02,6.672808546014e+00,1.435033102598e+00
2.052832116761e+01,2.603895112137e+02,6.023634411065e+00,2.958553615214e+00
3.455363974020e+00,5.339827231003e+00,4.292956556624e+00,1.692290358866e+00
6.995924543001e+00,4.449831837063e+02,3.682422859307e+00,1.489770625284e-01
2.258267220101e+01,2.803409349332e+01,6.575995679430e+00,1.536904361934e+00
1.341983154951e+01,9.590163042002e+01,4.834050780044e+00,1.288473484156e+00
1.421538464756e+01,3.912032574853e+02,3.045683975876e+00,1.531780482764e+00
1.847864753789e+01,1.186240822328e+02,1.274984277770e+00,3.813093339059e-01
1.335819002591e+01,1.606777121209e+02,5.280867605706e+00,2.176033184782e+00
4.830039608925e+00,2.228282052572e+02,1.890423691242e+00,2.824699959946e+00
1.300936210458e+01,1.878896741446e+02,3.677425263251e+00,8.605113843646e-01
1.049805876801e+01,3.461876103520e+02,1.158336447485e+00,2.625154803124e+00
1.723656796605e+01,8.902476190006e+01,4.230735470761e+00,1.724845201756e+00
1.184409664119e+01,2.049088323542e+00,4.603307556359e+00,2.402165453025e+00
5.908625169171e-01,1.592260922803e+01,3.753774812253e+00,7.200013658216e-01
7.180570667213e+00,7.670017644550e+02,6.903380738727e+00,5.845843691370e-01
6.388913149054e+00,5.064320111544e+02,4.288121495883e+00,8.708891852706e-01
2.063789490335e+01,2.950045597837e+02,6.807888214139e+00,1.651811894921e+00
1.031476875834e+01,7.253418604406e+01,4.392345692261e+00,1.268546397292e+00
-1.214826474545e+00,7.329567540726e+03,2.311820418006e+00,2.733445927475e+00
9.482086209646e+00,4.545805488116e+02,6.222183340715e+00,1.842211457342e+00
4.126323722609e+00,2.844943699575e+02,5.023830037812e+00,6.048073112464e-01
1.088084182181e+01,3.350024882313e+01,4.111356921611e+00,2.907729184368e-01
8.459884547232e+00,7.000767208108e+02,4.401558726981e+00,1.856900768280e+00
7.448631157542e+00,4.932487647775e+01,2.018263778856e+00,1.173596317539e+00
6.737582363220e+00,2.267454912245e+02,4.519669755025e+00,3.993891628735e-01
1.120502327907e+01,4.276127013803e+01,1.709489087651e+00,4.871714194393e-01
1.256721411169e+01,1.550472539777e+02,5.811386427276e+00,1.238819141930e+00
4.813250169706e+00,4.128917363156e+00,3.601657163086e+00,7.731610528532e-01
-6.934188080805e-01,1.528388623581e+03,5.952668229425e+00,4.246306860384e+00
1.285797218166e+01,8.776248028145e+03,5.356826399173e+00,2.530532148080e+00
1.662879033734e+01,2.593833024130e+02,2.082933743231e+00,2.517293730273e-01
1.550903401568e+01,1.919308691944e+02,3.282172050965e+00,5.739763539822e+00
1.037169149586e+01,5.964511303669e+01,2.078840901458e+00,6.373887742036e-01
1.181537247268e+01,1.345660212983e+01,3.664412265663e+00,4.965759691905e-01
1.830861794267e+01,1.733268611691e+00,3.735693066242e+00,3.877196252923e-01
1.261781604384e+01,1.645067646215e+01,2.931777432355e+00,4.680497335713e+00
8.823614240472e+00,2.047759254454e+02,2.874350537821e+00,6.446516087952e+00
9.665955710351e+00,2.691226152029e+01,3.021778487944e+00,1.999477715953e+00
9.267028860068e+00,2.383434015635e+01,4.474656198590e+00,2.844788209514e-01
9.331348697151e+00,3.888785102940e+01,5.753226614035e+00,1.757063696869e-01
1.154845411077e+01,1.664979619934e+02,6.302604407202e+00,3.109619853365e-01
1.117306525666e+01,6.075934070668e+01,3.521174865213e+00,1.814180159107e+00
8.526273087267e+00,1.470387577441e+02,6.566048094178e+00,4.570287940045e+00
1.572418101445e+01,3.124239829156e+01,3.465439627591e+00,8.332679546092e-01
8.566200252563e+00,1.744791808508e+01,3.689108048219e+00,2.610504588150e-01
7.707172953020e+00,3.048961551109e+01,1.372432456214e+00,1.053096036887e+00
2.029551976436e+01,1.831453189824e+03,1.001498584332e+00,1.453341248570e+00
6.718810873443e+00,9.317185600850e+00,2.044492009469e+00,9.071323685778e-01
5.229756343475e+00,4.124365247008e+00,3.959165979404e+00,8.260565423045e+00
9.580483128948e+00,5.499283497944e+02,2.603278858005e+00,1.142991772140e+00
5.314353664441e+00,3.216844569834e+02,4.817225224807e+00,2.356231401813e+00
1.359469254349e+01,5.661882180761e+01,3.599325331267e+00,1.014035350080e-01
3.608821281537e-01,2.301097923875e+03,5.940802299445e+00,6.044674585992e+00
1.067715721908e+01,9.160963819882e+01,5.062750160547e+00,2.300785802020e+00
1.995783617055e+01,2.832332092509e+01,1.612242651247e+00,3.258112682833e+00
8.825683069544e+00,3.502969543523e+01,5.997572008480e+00,1.681072928487e+00
8.952625552705e+00,1.468834827533e+03,3.033500441550e+00,8.956064241249e-01
1.694481079207e+01,6.922276987522e+02,1.768363124083e+00,1.530991769927e-01
-5.603173060269e+00,3.722032128998e+03,5.776193054878e+00,7.173692735176e-01
3.463286954342e+00,2.529167777266e+02,3.358759701542e+00,4.353424884006e+00
1.418230946514e+01,1.562147060478e+02,4.048512025053e+00,3.434511983385e+00
1.193161551997e+01,3.975367400861e+00,3.225887601831e+00,4.259516518907e+00
6.685183172202e-01,2.168451777781e+02,2.390694919525e+00,6.688430689029e+00
7.211923706185e+00,1.334751848964e+03,6.665952495747e+00,4.359178255189e+00
1.742027575987e+01,6.392049534982e+01,6.257590103499e+00,1.022135209312e+01
1.836204581015e+01,6.605975311429e+03,2.971273853492e+00,7.711683872054e-01
7.423401560011e+00,1.342576603741e+03,6.303674113627e+00,3.538248270163e+00
1.764803947203e+01,2.208942712278e+04,2.055393014133e+00,3.326035573446e+00
1.787895057215e+01,3.960966281538e+00,6.780182419827e+00,1.932409347772e+00
1.222738712279e+01,1.026833518067e+01,2.349141026870e+00,1.399965654009e+00
1.654411194910e+01,2.612510019698e+02,6.064091934031e+00,8.951237647221e-01
1.172234600942e+01,4.686030229738e+01,1.846478062232e+00,3.891822172302e-01
9.877194814046e+00,2.200218707980e+02,4.236512843710e+00,9.531237452957e-01
6.861731335365e+00,1.046640765577e+02,5.928945323975e+00,7.367671990902e+00
1.223019963915e+01,3.156481971348e+01,1.886813785388e+00,9.835639805428e-01
9.019111841859e+00,7.361943572179e+00,1.134943687323e+00,5.088917044062e-01
1.346632962816e+01,9.859475234604e+02,1.001423054544e+00,3.625362832425e+00
1.542034921069e+01,8.643815097656e+01,4.816634547016e+00,2.096236664662e-03
1.425751266923e+01,9.234582574398e+01,4.903469307931e+00,2.162746774917e+00
6.922400556642e+00,4.521253596103e+02,6.907223771032e+00,7.466728690563e+00
1.280348102227e+01,2.596073784729e-01,6.474851633333e+00,1.222465097345e+00
1.521031610799e+01,2.263959647936e+02,5.137612511579e+00,1.277464304664e-01
8.583343444983e+00,4.526488092234e+01,6.494700262309e+00,1.770060057685e+00
9.867958378649e+00,1.643357441910e+01,3.902582746849e+00,4.441495332020e+00
8.680994881098e+00,1.361682307333e+03,1.877864573762e+00,6.975518712453e-01
1.050426953868e+01,1.050936756706e+01,4.454080593169e+00,3.822875386729e-01
8.411281209928e+00,1.466183081578e+01,5.937539386694e+00,8.225448684409e-02
1.790905261225e+01,1.176028155597e+02,2.505220033752e+00,9.103204689094e-01
7.429348543251e+00,4.820359126474e+01,3.988754982651e+00,3.286892284390e+00
7.770447055392e+00,2.024390833750e+02,5.006250112722e+00,3.106515708719e+00
6.398163632463e+00,7.379036482374e+03,4.373634493206e+00,1.032356481854e+01
1.689696690958e+01,3.182223187694e+00,1.947783180386e+00,2.689079033993e+00
6.120211307277e+00,3.168619283198e+03,5.091672986375e+00,1.552655663502e+00
1.957464721965e+01,4.919411925565e+03,1.831999235819e+00,8.041066524991e-02
1.929043908954e+00,1.865819994411e+01,4.049683132326e+00,8.563514782212e-01
1.312899287792e+01,1.045650811496e+01,1.255427282569e+00,2.434200808007e+00
1.252423754207e+01,5.123104988369e+00,4.381131992874e+00,1.759572355607e+00
9.238240399830e+00,2.327994712196e+02,1.908924387606e+00,2.941865940988e-02
1.330249013665e+01,4.402263834176e+02,2.206182919843e+00,1.280929266830e+00
8.692859219269e+00,4.437031813653e+03,2.027055601690e+00,3.321624738661e+00
1.012136624142e+01,1.498583171105e+02,2.776812951811e+00,3.127600282304e+00
8.482705876459e+00,6.463133912153e+03,1.851846017121e+00,1.327055268089e-01
1.150904713663e+01,1.310020194022e+03,6.780103012041e+00,1.582189087817e+00
2.705538781751e+00,2.643535725336e+00,4.206181908182e+00,3.261300913793e+00
1.465539414428e+01,7.858318895109e+01,1.829428141897e+00,1.262840514446e-02
1.174512264542e+01,9.506893008454e-01,4.685505412176e+00,1.932165354658e+00
2.138759373332e+01,2.197319046996e+01,1.661958998363e+00,1.079424225711e+00
9.472146784852e+00,7.996952355713e+00,1.350876420559e+00,4.396451177080e+00
1.433480984117e+01,2.570739396758e+01,1.489792350582e+00,2.748929620213e+00
7.705167513178e-01,1.487473885486e+02,6.964939917517e+00,2.041345870797e+00
7.756450155955e+00,1.997025664758e+02,1.211039079277e+00,1.531210252955e-01
4.740062157117e+00,4.997963885691e+01,6.531780240355e+00,6.510341708144e-01
8.757731911172e+00,1.091803024858e+01,4.432424387130e+00,2.162025297271e+00
4.358660813761e+00,6.113043457263e+03,5.145121101304e+00,8.470381051435e+00
6.885604988698e+00,2.833939593752e+02,6.953027904439e+00,2.816057902716e-01
5.177567294148e+00,9.034871841529e+01,6.947304453873e+00,9.658224106759e-01
-2.519209033807e-01,2.631558338459e+01,5.913202275809e+00,3.166010574564e+00
1.077756583551e+01,7.628689656600e+02,4.568677721569e+00,9.108880163880e-01
9.274463289460e+00,4.399324046427e+01,5.936694663543e+00,7.923057945684e-01
1.177476386323e+01,3.043590268639e+03,5.991488922633e+00,5.238020867796e+00
1.134699774577e+01,5.083502851620e+01,2.017840655489e+00,2.113580407919e+00
-5.959484780999e-01,2.380655016247e+01,4.671499949295e+00,5.434959552040e-01
1.006565677263e+01,7.707015004176e+02,4.203818194481e+00,3.204582058221e-01
6.041445355401e+00,8.355754120952e+01,3.848202995915e+00,1.185991296101e+01
1.462457354038e+01,5.671607468264e+00,4.176489201949e+00,3.310450065423e+00
1.096652744171e+01,1.763222129534e+02,2.569788430668e+00,2.523234673810e-01
1.059436847945e+01,6.245248639769e+02,5.136893063520e+00,2.177078800538e-01
1.302835600596e+01,4.789558703501e+02,6.411125827312e+00,2.450908966895e+00
1.230272147551e+01,1.163989172512e+03,5.058261092895e+00,1.177191876075e+00
8.020511768741e+00,3.471764650107e+02,3.481498041394e+00,1.200272951361e-01
3.684120521490e+00,1.195895021801e+02,4.740264844229e+00,2.800423981196e+00
1.024829099389e+01,9.774520769510e+00,2.331766994336e+00,6.975664342661e+00
1.409632198050e+01,2.937214470074e+01,2.580227145656e+00,1.794550933253e+00
1.099934539474e+01,9.167809203049e+00,1.148187822316e+00,6.612555690831e-01
5.666062105267e+00,6.276678545385e+01,4.085970901565e+00,1.270169659909e+00
1.591262441982e+01,3.899154799435e+01,3.417104639168e+00,1.006678508605e+00
1.242110799315e+00,1.680258630603e+01,1.435169282853e+00,2.802661187486e+00
6.706271843343e+00,3.714644760736e+03,3.032948918958e+00,1.021355802629e+00
6.837083841019e+00,2.900095683712e+00,6.003240948970e+00,1.592082479708e+00
5.096559152877e+00,1.179769947159e+02,5.431992253995e+00,2.147247952190e-02
5.492525355030e+00,1.048807397584e+02,1.435213213870e+00,5.733283155776e+00
9.830040227861e+00,1.334518999765e+02,6.323478156612e+00,7.169109032323e-01
1.158156849404e+01,2.089720619218e+03,4.165451565009e+00,2.896750005674e+00
1.407015405732e+01,4.897745291994e+01,2.281420928402e+00,1.089224054146e+00
9.158899298212e+00,1.804005996063e+01,2.287182141503e+00,2.709769521030e+00
1.111800368961e+01,6.017741293945e-01,3.471113981352e+00,5.744618776486e+00
1.385242164791e+00,7.014764482571e-01,5.341541947059e+00,3.589758838094e+00
8.643388579154e+00,2.684563391337e+02,3.769540131028e+00,2.080294727052e+00
1.120677978746e+01,7.403753114095e+02,5.738261851832e+00,3.641430957895e+00
1.300170754730e+01,2.030589474449e+03,2.313085005654e+00,3.123394487217e+00
5.984307984201e+00,4.545303186414e+01,6.476479779825e+00,3.441453201099e+00
2.053664097972e+00,4.435303029572e+02,5.713553952736e+00,3.069630354752e+00
9.559760539713e+00,4.630671401112e+02,4.668784265941e+00,1.544524349634e+00
1.486423168334e+01,3.893979411978e+02,5.873104002656e+00,4.884577575171e+00
3.276551734004e+00,5.176918688847e+01,3.441631209960e+00,1.893048271414e+00
1.536947094686e+01,1.085795082203e+03,6.190775579119e+00,6.662456330027e-01
1.164212748009e+01,1.897030111236e+03,3.523923484302e+00,4.003297552730e+00
5.336390933293e+00,2.406820491588e+02,5.261585479521e+00,1.353713377399e+00
7.754037877339e+00,1.441431691719e+02,5.725668543913e+00,1.320982058060e+00
2.998152698686e+00,2.801056081026e+02,1.692715485190e+00,3.530543899761e+00
1.226990926715e+01,1.282202394361e+02,2.838543984707e+00,1.584071144723e+00
6.607993775142e+00,1.904703928148e+02,6.030189830299e+00,1.091254476327e-01
5.788699063669e+00,1.000928593042e+01,6.351518337134e+00,6.906321197025e-01
1.394437126455e+01,2.652640588736e+03,4.282833481308e+00,1.568799869258e+00
9.412800855254e+00,7.967421014869e+01,1.819517926574e+00,4.756498424910e-01
7.801720475629e+00,1.539944643111e+03,5.650873046158e+00,1.868685779893e+00
8.473994359790e+00,1.980702618686e+03,5.074307202037e+00,4.816084513674e-01
1.104518309645e+01,1.320384351600e+01,2.502088311819e+00,1.442281426776e+00
1.606042882824e+01,2.705307610989e+02,3.562041469457e+00,3.757872458496e+00
7.858350855163e+00,5.262440413970e+03,4.449406101833e+00,5.146485557601e-01
1.172317367123e+01,7.068643810472e+01,5.049445226788e+00,4.759696454673e+00
5.747277507314e+00,2.208757418533e+02,2.161340562266e+00,1.427513758973e+00
1.224833375832e+01,5.707416046224e+01,4.503378005203e+00,2.815027839199e-01
1.082903014966e+01,2.531634540664e+00,2.061120967115e+00,7.532151487818e-01
-8.431474741282e-01,2.412499554898e+01,5.784431299555e+00,5.984630756911e-01
9.848204980842e+00,1.963102852395e+01,1.251482527802e+00,6.450467244676e-01
1.399921775164e+01,2.619166839236e+03,1.867883138273e+00,2.571144372855e+00
6.219684312050e+00,2.617046464853e+02,4.093743202605e+00,7.807294822429e-01
4.717913579776e+00,4.037569548696e+02,6.751089007481e+00,4.131234221472e-01
4.711984234617e+00,5.211612671496e+03,2.565241848113e+00,9.431871968503e-01
1.487404264307e+01,3.387458681849e+01,6.562831283400e+00,7.863231145292e+00
2.289485462366e+01,1.451348352815e+02,6.420840463743e+00,4.379619146521e+00
1.388977059386e+01,3.989030131646e+02,6.750966329911e+00,3.059350362483e+00
7.775370103714e-01,2.450402086064e+02,5.676331369988e+00,9.335462707395e-01
8.864035843030e+00,4.221774773573e+01,5.752754908713e+00,1.054656202487e+01
7.179887035223e+00,2.189669378482e+03,5.721580656704e+00,3.206595800497e+00
7.983673825128e+00,1.100066830215e+02,4.599207293326e+00,3.925034181876e+00
4.618301381056e+00,1.120100613517e+03,3.571527647361e+00,4.498238263343e+00
1.389480039384e+01,3.203282617226e+02,4.292692535165e+00,2.067620817599e+00
1.402431136033e+01,9.928574938913e+02,2.853248548167e+00,3.692847949822e+00
1.249830380045e+01,6.945622145076e+00,3.481795318813e+00,1.129186804914e+00
9.671113694200e+00,9.623045593986e+01,2.515632855102e+00,3.859665099401e-02
1.460398195689e+01,8.185343375318e+01,5.805777041861e+00,2.291225249733e-01
6.099388547964e+00,5.205175028369e+01,6.571163091279e+00,3.718223640479e-01
1.143939422328e+01,2.508471545921e+01,2.093678259595e+00,9.688674918867e-01
9.170421494433e+00,6.258882958149e+01,2.399354865428e+00,9.751697111538e-01
9.677271934582e+00,1.162410803791e+02,6.725641704389e+00,4.223557805809e+00
1.088367058038e+01,7.488138107944e+02,1.794862197050e+00,1.152739328996e+00
1.051965474156e+01,5.923283511574e+02,4.441944495057e+00,5.492816562831e+00
7.070494807330e+00,3.721031322552e+02,5.002232895620e+00,3.745787351057e-01
7.391115158691e+00,1.646404746530e+01,5.023958752082e+00,2.121853562147e+00
2.250291858123e+00,3.368222469601e+02,4.972657970370e+00,6.966810392783e+00
7.656511052429e+00,3.811390273247e+01,6.442647765347e+00,1.007926826380e+00
1.660723707116e+01,3.219159650731e+03,1.186232036335e+00,5.294996723595e+00
1.420042695738e+01,1.870454672303e+02,1.130977288776e+00,6.987208150083e+00
1.096351762471e+01,2.654598023195e+01,3.812816639395e+00,3.258696911200e-01
1.086572667838e+01,3.634253034138e+04,2.225183512837e+00,4.764796771797e-01
7.990470492666e+00,1.020702218708e+02,5.613653482020e+00,2.964089344832e+00
1.617282625173e+01,2.274589352948e+01,4.727338669713e+00,9.232434594518e-01
1.414138001181e+01,1.004207794797e+01,6.863235515470e+00,6.015376760944e-01
1.886331319258e+00,8.183296483101e+01,5.157229547334e+00,1.251545487458e+00
2.001058579014e+01,2.198355336542e+01,6.932046779303e+00,5.827774038062e-01
9.469893844929e+00,6.940036324343e+00,3.690205888104e+00,1.388462375933e-01
7.147634211788e+00,2.736742078037e+01,4.877533624693e+00,1.557062113467e+00
1.025358789097e+01,6.259917654214e+01,2.615446001692e+00,1.520641194329e-01
6.877140396083e+00,9.276222235210e+01,5.917857263343e+00,2.155707772813e+00
3.478733811443e+00,4.533558383816e+02,1.189081327216e+00,2.346782271837e+00
5.035516205310e+00,6.440171878803e+00,3.454813164581e+00,7.533133379223e-01
7.532857489523e+00,2.701766268369e+00,2.960188354359e+00,6.189427487794e-01
8.211761347306e+00,2.010080617811e+01,1.955281300010e+00,7.087849756368e-01
1.251681770484e+01,8.776988598229e+01,3.797085067010e+00,3.364281425516e+00
2.573098709917e+00,6.115553329437e+02,2.940181860956e+00,2.383669656648e+00
3.397453936514e+00,2.987291969203e+03,6.018991323930e+00,2.625737213348e+00
7.112177479811e+00,6.360700951515e+02,3.622231713182e+00,2.166502797245e+00
1.255399460397e+01,4.424256541188e+01,2.424059316486e+00,5.724594504819e+00
1.759425753885e+01,6.111840459726e+02,3.466034910586e+00,9.439867931585e+00
1.273636433136e+01,2.363048474730e+01,2.618828300567e+00,7.788730529284e-02
1.096704627265e+01,1.936653814132e+00,1.049350483473e+00,5.384578461862e+00
1.457350356953e+01,1.164093945154e+02,5.383192201456e+00,1.352507493351e-01
1.283015273162e+01,1.280926544418e+03,6.896721493202e+00,7.245330148329e-01
7.906040478461e+00,7.587162756742e+02,6.508951918751e+00,1.366019177791e+00
1.858101995423e+01,1.811955457024e+00,3.200131995023e+00,4.178978532095e+00
8.608787531729e+00,5.296938273766e+01,4.971441380911e+00,6.629597699450e+00
7.869599360819e+00,7.288127728428e+01,5.662523953903e+00,1.629555096641e+00
8.008689568801e+00,5.321011511015e+02,2.335213145877e+00,5.495764262920e+00
1.715435951134e+01,1.568131027112e+02,2.337048411951e+00,5.521323375494e+00
1.379325581846e+01,5.512104680901e+02,6.684843404995e+00,3.227038373421e+00
1.438321260079e+01,3.818259773839e+01,6.082452984137e+00,1.323491564409e+00
9.661503822915e+00,5.629290884272e+02,5.437643172164e+00,1.075077621216e-01
7.988053215875e+00,2.119773674239e+02,2.826051904719e+00,3.537140910360e+00
9.624425195695e+00,1.440414401499e+03,1.116684055150e+00,1.337849333780e+00
4.180001694366e+00,1.815115608403e+02,4.827500373796e+00,4.302520477557e+00
6.517996483542e+00,1.279174970500e+02,2.135059017283e+00,9.534841761493e-02
9.628250311136e+00,3.298583509092e+01,4.035850849051e+00,3.481725025976e+00
5.365692035278e+00,1.239500383342e+02,1.181111624848e+00,1.399497515203e+00
1.079949576745e+01,6.399213226297e+00,6.407536638011e+00,1.806783610370e+00
7.252158449588e+00,3.798147937360e+02,6.155585137335e+00,5.083459407335e-01
9.881730627849e+00,1.247921834694e+04,4.571287333810e+00,8.223344132686e-01
9.374128219067e+00,4.009219410245e+01,3.309012360571e+00,5.602673715212e+00
6.324283278089e+00,2.091509052373e+02,3.357954965145e+00,2.246159101550e+00
8.540050781167e+00,2.616078858768e+00,6.152770807408e+00,7.688188768384e+00
1.216877907755e+01,8.860610743474e+01,1.702042741891e+00,2.478810672029e+00
8.889597407239e+00,1.900151636969e+03,2.450680551318e+00,6.133056523933e+00
3.349460199845e+00,4.666957989278e+02,5.641974452277e+00,4.887719655100e-01
6.359501177223e+00,5.067640263491e+02,5.694909754111e+00,4.521762396023e+00
5.576067883290e-01,2.514599411258e+03,3.039488632560e+00,1.146585783745e+00
1.891557256492e+01,5.627234040663e+03,4.614076279295e+00,9.768275585586e-01
8.337765348033e+00,4.262540099044e+01,2.776768056507e+00,1.283921095099e+00
1.220384189599e+01,1.857813632019e+03,2.212494912076e+00,7.532434772325e-01
5.862492524882e+00,3.804225578099e+01,5.663447094069e+00,1.440417094923e+01
2.258884269767e+01,1.345992257423e+00,5.828509042919e+00,2.394669538336e+00
1.233181019908e+01,5.573560487902e+01,3.876181957661e+00,1.700628549190e+00
8.634709926518e+00,5.787089520973e+00,4.487013800966e+00,7.168239207793e-01
2.231401755696e+01,1.316541400358e+03,4.872829399877e+00,1.207488631138e+00
1.986784215823e+01,1.013308161396e+02,3.805465118231e+00,9.143114737267e-01
1.823573373249e+00,3.869907362501e+02,5.890470200347e+00,1.637218432200e+00
8.692653708616e+00,1.327897849177e+02,4.248696545223e+00,3.022649496343e-01
9.490178564150e+00,2.970567906689e+01,5.322984388848e+00,7.304887179632e+00
5.366285661622e+00,6.298023354298e+02,1.205148912119e+00,5.170050888122e+00
4.048920387862e+00,4.197788277610e+02,2.962484474215e+00,4.251316659062e+00
1.873126670038e+00,4.964885296441e+03,1.541156148320e+00,3.392135708682e+00
1.518128755358e+01,1.882422634160e+02,4.753003033289e+00,2.527265331636e+00
1.564244467396e+01,1.396007745384e+02,4.521449226059e+00,3.250392217959e+00
1.816336105885e+01,1.220048554837e+03,4.584985786039e+00,4.098758969632e+00
1.050606395880e+01,7.038502827849e+01,2.799681180488e+00,6.759328981615e-01
9.488731849938e+00,4.971362257887e+02,3.258276197716e+00,1.685686431531e+00
9.684072218166e+00,7.061632764053e+01,6.923591983194e+00,5.082114868278e-01
8.696580267728e+00,7.907465357538e+00,6.631755112642e+00,2.538602897488e+00
1.400371975399e+01,3.113140255750e+02,4.383123964846e+00,7.611475544146e+00
6.188795299838e+00,2.788579443168e+01,5.830437941353e+00,4.238332255384e+00
-7.073414271810e-01,6.304740535553e+01,5.825918226264e+00,6.153754350794e+00
3.596204546353e+00,1.378851887389e+03,2.280551420731e+00,1.478970556236e+00
8.125009772656e+00,3.881352069649e+01,6.586200225427e+00,2.059213065697e+00
8.595124203604e+00,4.777373605718e+01,3.390638195277e+00,5.181507032955e-02
1.099644759461e+01,5.226719180834e+01,2.304946382718e+00,7.493210191126e-01
5.512970276298e+00,6.305610241660e+02,3.677233895897e+00,7.777617975342e-01
1.003760310085e+01,2.407065148633e+01,5.659071316506e+00,3.531390528017e-02
1.217919716728e+01,3.499473303389e+00,3.839269351725e+00,3.039311681900e+00
1.095123147056e+01,6.653250372636e+01,4.858952638366e+00,2.344694539739e-01
1.906987763533e+01,1.747826117977e+03,6.034962017275e+00,2.720308994177e-01
1.612072646615e+01,2.662479287466e+01,5.967798821929e+00,1.341767018950e+00
3.941451851253e+00,7.743886919178e+00,6.300248124024e+00,5.684878413307e+00
1.226775996244e+01,4.283882651845e+01,5.858378778163e+00,3.882549219988e-01
1.254434908085e+01,6.178734577654e+03,2.009299924084e+00,7.961724698050e-01
1.619182397080e+01,2.152891277812e+02,1.295441032381e+00,1.082642273651e+00
4.913217654941e+00,1.694937656043e+01,3.978663112732e+00,4.278606656533e+00
7.675404772546e+00,3.649369422591e+01,1.848246906440e+00,3.207579867439e+00
1.607654421338e+01,1.097417989612e+02,6.396289268549e+00,1.304509000840e-01
2.403204279808e+01,4.465792111584e+02,3.534010705079e+00,2.478308141797e-01
3.324088969380e+00,4.988816425484e+01,4.166757323423e+00,2.348930269986e+00
4.752732778965e+00,1.763060195954e+02,2.387339682691e+00,1.076299137049e+00
4.812898472794e+00,3.162352380134e+02,1.390572652020e+00,3.353135054285e-02
6.722755873887e+00,2.073638397492e+02,2.494578574426e+00,2.460302136419e-01
1.476786025987e+01,7.537010065775e+02,3.955097524966e+00,2.620327202855e+00
1.268798494140e+01,9.172851566976e+00,4.288383806940e+00,3.430247579744e+00
1.951781696909e+01,2.390028676277e+01,5.790801366532e+00,1.235732962839e+00
1.040565849353e+01,3.170085849474e+02,5.475969159929e+00,8.818166838095e-01
8.355378734112e+00,4.656759345295e+01,2.660796262480e+00,5.803087015166e-01
4.350741716288e+00,6.546167378581e+02,4.080956249635e+00,4.400904202785e+00
2.483557405871e+00,4.218183243263e+00,4.573718844556e+00,3.385426555119e+00
-3.972299889188e+00,1.361795786307e+03,4.244093547608e+00,2.212677887399e+00
7.999265769751e+00,6.040736093427e+00,4.651085151180e+00,3.837271797427e-01
9.112645946734e+00,4.779848749181e+02,6.370644039781e+00,9.611775576787e-01
1.261343991195e+01,6.627422625041e+01,3.469022465483e+00,2.673529928076e+00
1.309683037464e+01,6.330570858477e+01,5.028013103251e+00,2.064041336008e-01
6.517937181723e+00,4.797272348151e+01,4.395312203913e+00,5.110798962504e+00
2.861393377571e+00,1.375055335445e+02,1.780700812717e+00,5.226040426355e-01
1.946752252340e+01,3.798215057140e+02,4.583911877850e+00,4.879109021529e-01
6.480307668906e+00,1.662040890710e+03,4.572112452587e+00,5.926722081217e+00
1.274396537614e+01,9.912670855996e+00,3.889369811468e+00,1.044826226728e+00
3.737075136081e+00,9.066160309817e+00,5.409629679078e+00,1.067759488355e+00
1.085904088601e+01,5.570177255408e+01,3.793931591056e+00,6.426796045855e+00
8.854513207570e+00,2.641800579111e+03,4.535372619206e+00,2.798012376138e+00
1.229434589807e+01,3.812099595438e+01,1.647440473002e+00,3.787408225338e-01
1.656899937287e+01,4.442338285141e+01,4.680521736120e+00,9.912476914286e-01
6.892502605440e+00,2.804948265604e+01,1.393354910457e+00,4.261004621948e-01
1.145010793322e+01,1.041586115318e+02,6.873326391731e+00,3.393092531164e-01
5.843939399474e+00,3.213830400763e+02,5.222975171872e+00,1.627917028551e+00
6.677897515017e+00,9.941711405295e+03,3.953016636371e+00,6.237071592877e-01
9.392969729957e+00,2.662175379713e+00,6.260744157527e+00,8.065003742726e-01
1.664621042483e+01,1.639463329201e+02,2.250303787313e+00,1.315629208049e+00
1.208506500315e+01,6.744759291025e+00,6.874054160972e+00,4.981334518664e-02
2.918409648038e+00,7.621646184700e+02,5.469365212609e+00,3.471123851684e+00
1.161753704348e+01,1.014051209241e+03,4.666703945291e+00,4.407208184569e-01
9.811941611888e+00,7.161313524531e+03,4.274852438877e+00,5.128866666236e-03
1.259932147487e+01,2.468321140842e+03,5.727324235802e+00,8.595958546151e-01
1.393078579600e+01,4.249052385204e+02,6.747928134183e+00,2.913544346860e-01
2.001094768356e+01,9.442522738173e+01,1.681603431506e+00,2.068055734698e+00
9.825772347494e+00,4.640960852715e+01,6.075651878460e+00,1.359733462606e+00
2.384956309782e+01,2.371970252538e+00,4.365809700993e+00,7.147974659756e-01
8.375108361609e+00,4.916930849497e+01,1.750343537384e+00,3.164558061703e-01
1.629731524573e+01,9.244645121162e+00,3.621473861037e+00,4.031619825421e-01
8.287650282312e+00,2.528991017368e+02,1.390500162152e+00,5.663447510648e+00
-5.753814565456e+00,3.010006359140e+01,1.317268787237e+00,1.986017022338e+00
7.224259494141e+00,1.197700138596e+02,2.386739738789e+00,3.513000324861e+00
3.020842344511e+00,2.193649594036e+01,1.895498150619e+00,1.047467932389e+01
1.486244579884e+01,4.377834821434e+01,5.186727240978e+00,1.274913875526e-01
4.834201530765e+00,1.209729980002e+01,4.227873977244e+00,2.040933288848e+00
-2.657323525076e+00,7.876863241172e+00,4.686889647394e+00,5.040625651885e+00
1.628288245806e+01,1.011273776313e+01,5.962052015622e+00,1.398468456279e+00
2.441521447738e+00,1.889124540068e+03,6.426068661844e+00,1.579106186830e+00
1.277159962558e+01,3.489155159997e+01,5.366298564430e+00,2.618071145785e-01
1.060027038834e+01,1.196641989314e+02,6.514192726866e+00,2.681950623603e+00
1.009735515473e+01,1.473009287467e+01,2.890177797148e+00,1.618921082283e+00
4.575486327868e+00,3.732397696613e+00,4.515722087363e+00,1.413078405405e+00
8.175583540767e+00,2.845862112710e+02,5.245917556107e+00,4.927416745751e-01
7.362331176109e+00,5.398660492475e+02,4.891627815628e+00,3.637466164909e-01
8.656561378896e+00,8.250067127427e+02,4.833075964772e+00,7.223078444048e-01
4.496404423459e+00,2.388590066188e+01,5.154929114935e+00,2.062477835223e+00
8.114930090346e+00,1.261855798477e+02,4.305909194596e+00,5.669113955867e+00
9.581083870022e+00,6.082886430237e+02,1.680663483316e+00,4.951081201244e-01
6.905575318875e+00,4.042399948988e+02,6.924873626602e+00,2.373208045381e+00
1.126057325631e+01,1.661204700475e+02,3.324434776493e+00,6.736691836063e-01
9.897641589135e+00,1.422738511046e+02,3.188576312748e+00,2.889331937448e+00
1.214553759558e+01,9.178311858766e+00,1.011188917675e+00,2.333355696352e+00
1.785519114242e+01,3.358050370443e+02,1.000454506473e+00,1.010035202218e+00
7.172739669562e+00,7.439979043380e+02,6.626267561974e+00,3.602808576528e+00
1.246707189960e+01,2.166859877912e+03,2.445076222757e+00,8.804128436969e+00
1.132671404199e+01,1.008901475486e+02,1.498592691271e+00,3.387083346059e+00
1.518716696056e+01,5.723284304675e+00,5.631460938348e+00,7.017068719919e-01
8.425927301115e+00,5.401013526349e+01,6.639896475693e+00,7.987981413755e-01
6.734538010381e+00,5.306451660717e+01,2.429796347944e+00,3.449824732173e+00
1.089679428037e+01,2.634546922399e+01,1.117447309783e+00,1.615732500318e+00
8.468747526912e+00,1.025106349381e+02,6.283608167969e+00,1.688297338695e-01
1.281958684029e+00,1.926924393880e+04,4.290563400126e+00,3.760460530998e+00
1.771227434192e+01,1.043327550826e+01,3.843866913045e+00,4.502334789240e-01
7.353588750434e+00,1.308904980923e+03,2.718212364024e+00,2.496553469875e+00
8.554597651277e+00,4.882598899237e+02,2.269615594727e+00,4.385094212800e+00
7.419754685391e+00,1.148863645251e+02,1.164101414813e+00,2.971304300628e-01
8.002854969488e+00,1.588403057581e+02,5.741043871472e+00,2.280866303913e+00
1.334302387471e+01,4.149301480114e+02,1.324710171009e+00,7.473868593390e-01
5.608737502455e+00,3.413166110081e+02,2.107843489197e+00,2.750875609805e+00
1.002154397335e+01,8.592537890646e+02,3.795178661024e+00,2.067008702999e+00
1.145672470039e+01,7.031231598135e+01,2.717388250637e+00,1.854547025624e+00
2.408515677645e+00,1.202079030241e+02,4.854643447100e+00,7.426084382804e-01
2.605566532367e+00,1.773164763997e+02,1.701069737149e+00,6.759386751037e-01
1.279469535255e+01,1.325608393343e+01,5.024434473165e+00,1.187708979091e+00
2.608727074687e+00,7.936391765810e+01,1.625653698409e+00,2.081134185814e-01
1.385400877739e+01,3.690160265063e+01,3.285106165118e+00,2.107648582701e+00
1.736188360965e+01,3.972488765794e+02,6.147128895217e+00,3.943036074436e-01
1.170587286420e+01,3.981750111829e+01,3.678568969189e+00,1.816073376059e+00
6.368563206346e+00,1.272481958803e+01,6.468539609837e+00,3.100227859612e-01
7.492776712297e+00,5.895136341639e+00,1.760219760035e+00,7.172296012140e-01
1.035481706778e+01,4.890816181863e+02,5.020657345401e+00,3.381733282322e+00
1.273024004316e+01,1.261308949355e+01,3.608285978142e+00,8.156693043008e-02
6.837338595325e+00,8.480089859543e+00,6.724750350463e+00,4.113925852426e-01
1.356429302132e+01,2.066526241878e+00,3.506248529622e+00,2.191359086605e+00
1.623098767153e+01,4.721110341131e+02,5.338318123882e+00,3.389277172994e+00
1.231402739169e+01,3.246917725935e+00,6.986289300688e+00,9.488166412280e-02
1.105441014844e+01,6.114917709393e+02,1.233655569204e+00,1.963617715553e-01
1.422976840642e+01,3.584601141597e+03,6.608006992888e+00,1.000282206623e+00
1.203377493871e+01,6.952952826202e+00,4.456301331394e+00,9.349713970725e-01
1.385794534844e+01,3.084251375988e+02,4.500128403537e+00,1.199194922850e+01
1.520024075978e+01,4.166423906067e+01,2.073424505931e+00,1.435586820174e+00
1.234893357207e+01,9.599257187751e+01,1.406117892378e+00,4.969178039716e+00
1.024830300947e+01,3.272357664538e+02,5.401670100572e+00,6.921965704141e-02
4.363891554029e+00,3.686877002354e+02,6.458991042645e+00,8.999983367442e-01
1.631595318565e+01,2.679345025215e+04,1.844025348410e+00,2.238223214251e-01
1.117844037952e+01,4.019569436998e+00,5.985138753247e+00,4.202366908392e+00
1.220048218882e+01,2.168235053665e+03,3.928529790482e+00,4.599946827728e-01
2.466579184088e+01,1.209790463854e+02,4.157484403617e+00,1.730698403054e+00
1.046758063098e+01,6.352528429451e+01,1.824693526169e+00,1.683884503246e-01
1.707727195251e+01,5.710216775173e+00,1.673103324630e+00,2.279385627777e-01
1.397049410458e+01,7.393996124635e+01,4.251061475960e+00,2.268851516173e+00
4.101257021455e+00,4.709221350848e+01,3.365382249003e+00,8.188614484629e-01
1.217266651249e+01,5.486013998757e+01,2.628946426293e+00,3.189850111517e+00
1.475422639885e+00,1.714331611662e+02,2.971956980016e+00,1.389760428771e+00
1.487495221836e+01,9.668701918749e+01,6.350854333350e+00,2.596461218898e+00
3.579273301373e+00,2.289367403620e+02,3.493599256042e+00,5.191214522998e-01
1.042022412007e+00,1.413818472762e+04,4.340882177398e+00,1.060655048510e+00
2.110457680692e+01,6.957274062389e+00,5.328939957520e+00,6.811462412338e-01
1.681887036063e+00,1.357783076050e+03,3.846672212677e+00,3.892323810021e+00
1.418210867694e+01,1.640124341203e+02,5.402696407273e+00,1.406928306798e+00
1.095306902644e+01,4.980653815982e+02,3.631139955056e+00,1.293084046755e+00
8.118930492529e+00,8.441116469996e+02,5.542996228414e+00,3.024209129490e+00
9.894918485215e+00,1.695499742882e+02,2.871007694500e+00,5.467125350691e-01
1.247738081220e+01,8.572166230150e+01,2.386601318573e+00,4.135976399118e-01
1.060428663902e+01,4.027181582542e+03,4.345209876777e+00,6.839415321802e+00
1.383006908360e+01,3.057966035112e+01,3.714568799036e+00,2.480296621498e+00
1.570318756755e+01,2.417855962904e+02,6.432661693033e+00,5.194234905061e+00
1.310339071828e+01,1.922374939038e+01,2.498547044608e+00,7.239748878491e-01
1.375975283959e+01,3.634861648460e+03,4.755796214989e+00,1.047463956858e+00
3.699329271424e+00,2.757203444636e+01,2.590119446896e+00,8.256691807950e-02
1.013366718755e+01,5.658519188786e+03,6.599179462460e+00,1.091558869401e+00
3.942202954698e+00,8.022686955855e+01,2.475751979773e+00,2.771225015195e-01
1.357196593167e+01,4.220888420486e+03,6.261629461321e+00,3.343971060880e+00
5.287562525257e+00,1.070996977674e+04,5.659313281475e+00,2.659535945786e-01
7.457230634279e+00,2.735971579927e+03,6.422841436666e+00,1.348632639137e+00
1.143761340531e+01,1.727625531161e+01,1.950728750189e+00,4.621176534478e+00
2.551724024587e+00,3.289739899156e+02,3.178777302203e+00,4.321056574128e+00
7.898566172845e+00,2.419551405245e+03,3.777136849694e+00,1.229382213102e-01
1.032059724785e+00,2.641571531421e+02,5.954766140947e+00,1.084337002078e+00
2.008202783693e+01,8.461566240323e+00,1.312927391908e+00,1.245240724574e+00
2.157820380579e+01,7.956316464003e+01,5.633843341333e+00,2.544319538917e-02
1.262525043392e+01,2.788315334005e+00,4.223724955188e+00,3.702018423435e+00
1.044163496361e+01,2.911252131986e+02,3.877028804087e+00,1.221543348330e+00
1.234211559340e+01,3.111299472906e+01,4.957925799987e+00,1.109724758539e+00
1.101748750587e+01,3.628647285908e+02,1.157853417983e+00,3.896022539506e-01
7.816195965309e+00,1.903714982469e+01,5.616548977549e+00,2.458042642309e+00
1.684725413058e+01,2.878979375100e+02,1.057545232852e+00,3.677556386612e-01
-4.363397866835e+00,1.518103367696e+02,4.147290277482e+00,6.447814126769e-01
1.358881593950e+01,3.400897036818e+01,2.560320657056e+00,3.235510786863e+00
3.893927773618e+00,1.669436501953e+01,3.478816482889e+00,9.745829053953e-01
1.605285638106e+01,2.334281062804e+02,5.604685963626e+00,2.539190207407e-01
9.360776174961e+00,1.638047142605e+03,3.538301032161e+00,1.043243272964e-01
9.612706218549e+00,1.933058048628e+01,2.940988311412e+00,7.440323839455e-01
3.562100415256e+00,1.099230216262e+03,4.344582536415e+00,9.478317051840e-01
2.637333141331e+00,3.659852740072e+01,3.967507442108e+00,1.341781711545e+00
9.342689578414e+00,1.468014096158e+01,1.460615847365e+00,4.865429119526e+00
6.565723381344e+00,1.418175406991e+01,5.464784725776e+00,8.598504512503e-01
1.014114418208e+01,1.217557846716e+02,6.225759981506e+00,5.188599867943e-01
9.607443977146e+00,4.012384324340e+02,3.240326381460e+00,4.326310707381e-01
7.073981389954e+00,6.296765426578e+03,4.720621573116e+00,3.140207436126e+00
7.371650062993e+00,2.718501215748e+02,3.379909325127e+00,4.228848557608e-01
1.053812127424e+01,9.459421667295e+01,6.270978636097e+00,2.287603889970e-01
4.031667604399e+00,6.783208536187e+01,1.237583298155e+00,5.586104501527e-01
1.862922788619e+01,3.254715763951e+02,2.066665389886e+00,2.045831846786e-01
1.271630656531e+01,5.949472987774e+02,4.010826907892e+00,1.529069398064e+00
1.089996412193e+01,3.862926556865e+02,5.759298227538e+00,1.077416769153e+00
7.759251423628e+00,2.122816944269e+01,3.671761407931e+00,1.413069840010e-02
1.983222586546e+01,2.430778019831e+02,5.033774973317e+00,3.768519801523e+00
4.298461446326e+00,6.331137618862e+01,5.378908004765e+00,1.186296670421e+00
1.275170509736e+01,1.205261674533e+01,2.333889359026e+00,8.027116444603e-01
5.481813881862e+00,1.958118090749e+02,4.054301689285e+00,1.426516634001e+00
1.295464026251e+01,7.966239383543e+03,5.737275025154e+00,3.223712688922e-01
1.038303770694e+01,9.054336360695e+01,3.836201904801e+00,8.798409013700e-01
1.101966938859e+01,2.664254723951e+01,5.944416115994e+00,1.221934896861e+00
1.077985322211e+01,4.702972801679e+01,5.154159955079e+00,2.074693602429e+00
1.547141217775e+01,8.123906463680e+03,6.168947302560e+00,4.374858626246e+00
1.708799910175e+00,2.902748757936e+00,2.101666075219e+00,5.981183713742e-02
7.022181199790e+00,5.516597192517e+01,4.733109695340e+00,5.177963230784e-01
9.163115575985e+00,6.058633910277e+01,2.896227416867e+00,3.013480003040e+00
9.564254385796e+00,6.959674443663e+03,6.894145134322e+00,3.110673674954e-01
1.150434810450e+01,3.200837275129e+01,6.103754549482e+00,5.641451984748e-02
6.424471061318e+00,5.616488438489e+03,6.437679052245e+00,1.002313618786e+00
1.156123856208e+01,8.163977340621e+01,5.834611160014e+00,1.646387645889e+00
8.969523235857e+00,1.795462925677e+02,6.585891006682e+00,3.916370318967e+00
1.932300567253e+01,9.444679400162e+01,1.217974093659e+00,2.914550463681e+00
1.032058264503e+01,1.797899579134e+02,4.013721791145e+00,5.638998790253e-01
1.200605253109e+01,6.698735512592e+02,4.057225018897e+00,1.048042721395e-01
7.853321016586e+00,1.945831883030e+01,6.888770324038e+00,4.301682575235e+00
9.545728592040e+00,9.253460289726e+00,3.844412070349e+00,1.864995461467e-01
1.266341623825e+01,2.238728672954e+02,3.038483413385e+00,2.674319843998e+00
1.634742350499e+01,4.170603666834e+03,2.926491675832e+00,4.576094359012e+00
1.679704176823e+01,1.117160512387e+01,3.565626799566e+00,1.203223740212e+00
1.038983221682e+01,4.303886928021e+02,5.390423377746e+00,2.508619631777e+00
1.064389216417e+01,2.671807067459e+01,5.320802682871e+00,4.677340680510e-01
8.244802744799e+00,6.664707245485e+01,5.058765533690e+00,1.642893279486e+00
5.325696420375e+00,1.716012548327e+02,4.519201610006e+00,3.996900252105e-01
4.155528997867e+00,7.760604065824e+01,3.057035871387e+00,1.148349304315e+00
1.162433669042e+01,1.214627003529e+01,5.740601164500e+00,4.931771969820e+00
1.226627643309e+01,2.365130844105e+02,4.414169782168e+00,7.474768154835e-02
1.068528119049e+01,1.101775280073e+04,3.517020399236e+00,6.127223692095e-01
7.507520018096e+00,7.687737507826e+00,6.738097297683e+00,7.232598084921e+00
8.819464264490e+00,2.958766298914e+03,4.761711116869e+00,5.707910172904e+00
2.310777032145e+01,1.553443936169e+03,1.134825140914e+00,5.876905000744e-01
3.764439837688e+00,8.772247240509e+01,3.185499460013e+00,4.418642272808e+00
1.779272001331e+01,1.001958395040e+01,1.560198001728e+00,1.902075970272e+00
8.809337402364e+00,8.170908668922e+01,1.217171032519e+00,1.840071409639e+00
1.109712833020e+01,2.082946687167e+02,5.821730475834e+00,1.238463275296e+00
8.028941297897e+00,5.607897264444e+02,2.964064936929e+00,1.844844400080e+00
1.650245747462e+01,5.421805421918e+00,6.754973001418e+00,4.317597698827e+00
7.014255497650e+00,2.676962616151e+03,2.425192910267e+00,3.566705337304e+00
6.289382852100e+00,2.516617799098e+03,6.571365548405e+00,1.042493436198e+00
8.635035720226e+00,4.187821318488e+03,6.626302039612e+00,1.665002988435e+00
9.014580336618e+00,4.632007395700e+02,1.033957140804e+00,1.576851030602e+00
4.227167823354e+00,2.787277754756e+01,2.513542444419e+00,2.192466980529e+00
1.789012740742e+01,4.762286371978e+01,3.901523097193e+00,6.943000276690e-01
1.028086911774e+01,1.909440771286e+02,1.353934668386e+00,7.845219443409e-01
1.319566881055e+01,8.337118213829e+01,2.140529933707e+00,6.446682475178e-01
8.341669720275e+00,8.124708381767e+02,3.917724285566e+00,2.844147950616e+00
-5.939823850887e-01,1.085559686444e+03,2.329365324779e+00,4.173052165031e+00
1.516915957254e+01,1.928584032989e+02,2.704355061013e+00,2.514388790042e+00
9.000196970977e+00,1.581690895332e+01,2.531489550662e+00,2.767576734670e+00
6.374532467626e+00,2.693600681750e+02,1.710904289822e+00,7.550685412945e-01
6.669205899912e+00,4.028331943604e+01,2.166337651557e+00,2.417871986090e+00
9.120198786979e+00,4.196735549941e+00,6.661806869153e+00,4.549589055325e+00
4.809541355660e+00,1.264318290020e+03,4.764679730395e+00,4.693404919942e+00
4.193519813071e+00,3.934142153856e+01,2.283846515716e+00,1.731399864944e+00
3.361319806231e+00,5.299811879785e+03,3.973115514915e+00,8.568941480148e-01
1.176338521671e+01,2.918031879281e+02,4.285266246832e+00,1.443428092092e+00
6.115190422603e+00,4.146401283620e+02,3.550312095535e+00,1.956092371678e-01
1.725944833434e+01,3.538172191165e+02,4.669528775941e+00,5.313558190054e+00
1.030841087184e+01,1.408798694336e+02,6.097109252425e+00,3.370374994407e+00
1.332865107607e+01,2.438693280563e+01,6.693532848534e+00,5.919291092748e-01
1.063447624120e+01,1.621393261276e+02,6.527137239581e+00,2.133960055452e+00
1.333385210009e+01,3.242304930935e+02,6.621631018385e+00,8.477667813187e-01
1.229374836277e+01,1.426820409607e+00,1.893525566759e+00,3.916928652867e+00
9.113546444860e+00,1.364989524516e+03,2.768846588957e+00,2.774230291610e+00
1.311896855784e+01,1.272264628207e+02,1.068841735429e+00,1.735185974770e+00
6.171704383201e+00,4.993962258599e+01,4.165664384224e+00,6.019336527266e-01
1.616828193637e+01,9.605112486775e+01,1.436287382541e+00,1.842912832303e-01
1.485454674655e+01,9.813352642794e+01,1.846335123634e+00,1.654220266646e+00
1.056283149309e+01,7.691162718737e+02,3.917852550946e+00,9.152636347365e-01
8.684644809328e+00,5.360941008616e+02,5.941187414478e+00,3.990706487587e+00
7.548039484819e+00,7.906118321682e+01,6.536553392586e+00,1.103348548370e+00
8.460793737664e+00,4.622062504751e+00,6.838569550566e+00,4.800270989284e-01
1.804048772170e+01,2.149889497024e+01,1.074495980153e+00,2.084037519794e+00
1.049718390152e+01,1.288048614948e+02,2.381836672609e+00,1.365469336162e-01
9.858103023958e+00,1.010532158886e+01,5.280207387311e+00,1.163847062944e+00
8.238896786529e+00,7.945906703596e+02,4.687693321227e+00,1.600350504747e+00
1.411318232879e+01,2.407423333590e+03,6.744098835005e+00,5.114263024017e-01
7.957940249559e+00,1.347065688877e+02,6.120025902909e+00,5.294370627369e+00
1.680238751794e+01,2.632395700303e+01,2.903092739508e+00,1.114103166371e+00
1.038892543057e+01,4.836073035326e+00,5.842465054058e+00,4.038384970465e-01
1.417301230598e+01,1.373671684524e+02,4.206860682234e+00,3.864338030639e+00
1.226812690545e+01,7.751058837897e+01,5.800431681942e+00,6.992886134005e+00
6.325380664669e+00,1.678911714080e+02,6.936816932412e+00,1.967991783731e+00
1.595287531322e+01,4.082891752247e+02,1.519249483032e+00,1.015806931841e-01
1.074902967944e+01,2.930272841609e+02,4.120271331947e+00,1.537448058780e-01
1.221742686139e+01,8.160572814052e+01,1.786220376226e+00,1.673106300645e+00
4.442092619940e+00,5.056310656070e+01,2.002315183937e+00,3.495372477694e+00
8.425274166000e+00,2.491360721908e+02,6.427301728576e+00,6.616004151331e+00
6.954689279936e+00,4.335590158155e+01,2.389409010055e+00,2.922431070724e+00
6.049058804529e+00,8.911023114797e+01,1.762952900732e+00,1.005582999305e+01
1.061106028688e+01,5.104196399865e+02,4.093045246715e+00,1.689666601508e+00
8.592036483368e+00,2.568518455694e+02,2.936772298093e+00,1.410072056146e+00
9.417496305523e+00,3.062038647387e+01,4.140994914619e+00,2.153448052981e+00
8.289537681600e+00,2.274492361293e+02,5.913237920610e+00,1.471462870634e+00
1.629764775164e+01,2.454807888405e+02,4.830511776944e+00,3.219910747735e-01
6.580985962817e+00,2.944327868215e+01,1.266569610033e+00,1.597196812390e+00
7.395628621706e+00,9.123363287815e+03,2.253251220273e+00,4.914275570713e+00
8.103566702130e+00,9.754716780549e+03,1.930509712016e+00,5.533326045624e-01
8.505703983995e+00,3.804166255324e+01,6.247309034045e+00,6.163458938080e-01
1.748490236292e+01,3.596817869990e+03,1.462120078657e+00,6.540671317409e+00
1.716599598829e+01,2.772015716386e+02,2.107595963159e+00,3.785981621254e+00
1.690751451198e+01,7.690180681070e+01,5.691022764003e+00,2.590375416564e-01
1.181276124344e+01,1.861763159638e+01,3.184838241519e+00,7.547634408806e+00
6.160589068154e+00,7.203232637921e+00,5.543098404692e+00,2.549800941383e+00
1.141443763132e+01,2.955774901716e+03,1.241201079957e+00,1.676574327160e-01
1.136777581251e+01,4.004937476691e+01,2.182150979280e+00,1.216329091902e+01
1.788946258019e+01,9.889911080577e+01,4.487877541424e+00,9.228029339793e-02
1.763124085345e+00,8.593962880963e+02,6.745223129099e+00,7.687281698444e-01
1.027107411677e+01,8.565838342427e+01,3.190746631282e+00,9.400489662440e-01
1.741490827569e+01,6.286820559457e+02,5.467951031107e+00,1.273111494138e+00
1.303542869691e+01,9.186433651850e+01,2.365118768129e+00,2.496563966610e+00
2.684782169720e+00,5.508641497026e+02,1.766889903351e+00,1.208596417706e+00
2.185722524031e+01,1.590743104423e+02,5.329418008650e+00,1.461642076295e+00
7.983458806916e+00,4.278238823685e+01,3.576186350424e+00,6.589175319837e-01
1.672101352676e+01,5.574082769354e+02,5.787518925353e+00,7.803602845647e-01
1.951702500188e+01,2.322255609080e+03,3.178839997311e+00,9.477221045582e-02
-1.045692159461e+00,9.302688494331e+01,6.950609053650e+00,6.724770850735e-01
1.318629876868e+01,1.923024882069e+02,3.602933943851e+00,1.229102557702e-01
1.145437152759e+01,4.709187489228e+01,3.627112863072e+00,1.408624182717e-01
9.018922747068e+00,1.449997322950e+04,3.015600145511e+00,3.531303104323e-01
1.058777681570e+01,5.299815668394e+00,1.195214159156e+00,2.086233350410e+00
1.734893589564e+01,6.278386426128e+01,3.490164208596e+00,4.744507787428e+00
1.459807649312e-01,7.678239471903e+01,4.066330182057e+00,1.705161986401e+00
1.079144723816e+01,7.085204650090e+00,4.823695203782e+00,1.692039829241e+00
1.155587142254e+01,5.203634051527e+02,6.186035703388e+00,1.106912743491e+00
1.200481075880e+01,7.719221745304e+02,2.234331108515e+00,5.539218234453e-01
4.826756743967e+00,3.697668130641e+01,4.169629631334e+00,1.138218998141e+00
1.054395729555e+01,1.131039545076e+02,4.028620130407e+00,3.798276527049e+00
8.686974355490e+00,1.156646753449e+02,4.179342780104e+00,2.480617414194e+00
2.605768748525e+00,6.702020539758e+01,1.792480127967e+00,1.945235892556e+00
1.316392915459e+01,5.480408773299e+01,3.675824164455e+00,1.028877166855e+00
7.710956628929e+00,1.215329534978e+02,6.628392368399e+00,4.244480239226e-01
1.445957391625e+01,2.386751406646e+01,6.588317320071e+00,3.076645236263e-01
8.518511646408e+00,1.929870846344e+03,4.800685520770e+00,1.290265317950e+01
1.357417197459e+00,1.341408044232e+02,6.297176500419e+00,2.143558495482e-01
4.806979367324e+00,2.289536050512e+01,5.647791027973e+00,6.079037094962e-02
8.266636619050e+00,3.383281411543e+01,5.373562664111e+00,5.968595253994e+00
6.953720326279e+00,9.594088969801e+01,4.763633519609e+00,1.610785603410e+00
1.659215926281e+01,7.758284044585e+03,1.358394185855e+00,1.863203579966e+00
2.002349957880e+01,4.342982413536e+01,2.193983636790e+00,7.119870184358e-01
5.432806890702e+00,4.016728347315e+01,3.741897028921e+00,8.117591898030e+00
4.879259960872e+00,6.088416012082e+01,5.501478904490e+00,8.753060605444e-01
6.007302385088e+00,2.187657406079e+02,4.955573079467e+00,3.566113031272e+00
8.160138975158e+00,2.128789841007e+02,3.840738365465e+00,6.678905657321e-01
8.934072447995e+00,1.607940393945e+03,3.537561346852e+00,9.574675316709e-01
6.170439048893e+00,5.590786660635e+02,4.053952399291e+00,2.038166661803e+00
8.737783154469e+00,2.280008274489e+01,3.438444078467e+00,2.358654633484e+00
4.102643545262e+00,6.149272909618e+01,6.296036439659e+00,7.580175366399e-01
7.511023860826e+00,1.056222040844e+04,5.738116847545e+00,1.201543878012e-01
1.399045723076e+01,8.449793272644e+01,1.309293809842e+00,4.199530150902e-01
5.702624642343e+00,1.805533521700e+01,5.431219622326e+00,2.452964399725e+00
1.346527937958e+01,9.946878204571e+02,2.705834147941e+00,5.318814084936e-01
2.747458419296e+00,7.416454159447e+03,5.214303505332e+00,6.649801652430e-01
1.750125945298e+01,2.463584560051e+02,6.375003043405e+00,4.743592926204e-01
1.687536700901e+01,5.536146641131e+01,1.031323496139e+00,4.486725464958e+00
8.522702248354e+00,6.166312655651e+02,3.411520437291e+00,2.793696794441e+00
1.877786664764e+01,8.567412974146e+01,3.536376972546e+00,1.097664809340e+00
1.290299289749e+01,1.221689287236e+02,4.885294261719e+00,2.686613068797e+00
8.175289957794e+00,4.451854835907e+02,1.639773586731e+00,3.814117809580e+00
1.449652543242e+01,4.351067888491e+03,2.782976890075e+00,2.487102179374e+00
8.714747422766e+00,8.589554174860e+01,1.514649110039e+00,6.073681270335e-01
9.540432484580e+00,1.752175782886e+00,4.267939314837e+00,1.489651109052e+00
9.943446965105e+00,3.803033422449e+02,2.838469138856e+00,2.388742684003e+00
7.656690973954e+00,5.584301203305e+02,5.423275802249e+00,4.792978422109e+00
1.932503398409e+01,2.162702578504e+02,3.413685593404e+00,2.755532578794e+00
8.914017583957e+00,8.381193995414e+03,5.559673014933e+00,1.438001032781e+00
9.466329557282e+00,1.613710747240e+03,4.842516429362e+00,7.235418339545e+00
1.369118545542e+01,6.097264244213e+00,3.324701743063e+00,2.120209372331e+00
1.541179167617e+01,6.864210592549e+03,6.023687884876e+00,3.351587740476e-01
1.361763044543e+01,2.956813779585e+02,2.464224471452e+00,8.321840923654e+00
1.900827664938e+01,9.301639272958e+01,6.538297377584e+00,1.725770061871e+00
1.594952841314e+01,1.229625807964e+02,1.732328375116e+00,9.880484148355e+00
6.458396417382e+00,1.616390704092e+02,1.905492132293e+00,2.784594071790e+00
1.607743729807e+01,2.772135503078e+01,1.344297457608e+00,6.227473292722e-02
1.282685968424e+00,8.708611461584e+01,3.712898121124e+00,2.228576613594e-01
-2.959376473419e+00,2.254570912007e-01,4.133817423129e+00,7.831017453908e+00
1.166621297841e+01,5.995950866713e+02,3.473688504153e+00,6.654507070778e-01
8.210676128677e+00,3.244939325434e+01,3.897978000587e+00,1.711359340038e-01
2.868734685377e+00,4.339165851016e+03,5.605987525704e+00,2.439316008859e+00
9.876526134732e+00,1.772929180926e+01,4.703998913726e+00,3.922694050146e+00
1.099881952312e+01,7.522590106964e+02,4.448979015641e+00,9.432808028963e-01
1.020103655362e+01,1.572950089337e+02,1.898666503006e+00,2.088259114027e-02
5.702295326953e+00,1.509628241979e+02,2.468980614874e+00,1.707773082507e-01
7.240243251703e+00,6.271119580520e+02,6.269552233569e+00,2.484644991637e+00
7.466649205340e+00,2.512367498161e+01,5.485589078342e+00,9.097502527929e-01
1.149827391238e+01,1.337874345811e+03,6.485214205729e+00,2.445444797640e+00
1.340402842127e+01,8.321878567413e+01,1.764741589022e+00,2.119215974205e+00
1.180662076688e+01,3.732527446165e+02,6.139806568771e+00,2.677982867839e-01
1.148046615325e+01,8.892891481406e+01,5.930353074412e+00,1.008115201112e+01
7.225597299855e+00,1.152758529458e+02,6.740223186048e+00,1.658744743763e-01
1.779011883665e+01,4.102240377703e+01,1.854869800422e+00,4.954067256072e+00
1.302754550436e+01,6.022209889124e+02,3.561260728409e+00,2.197325963540e-01
1.365719457700e+01,1.374589747861e+02,1.097152159811e+00,1.185296771321e+00
-2.486757312746e+00,2.355226040509e+03,3.792412826749e+00,1.967156789797e+00
1.702037651359e+01,1.246904303959e+01,5.224763798931e+00,4.675856243760e+00
1.126344986206e+01,1.679030590192e+01,4.295425443124e+00,3.763438135990e+00
1.546047626359e+01,1.261967735673e+02,2.125133937717e+00,3.785222615735e+00
8.983908377443e+00,5.872020447534e+03,3.292512545771e+00,1.374830218382e+00
1.668628181165e+01,5.387613654026e+02,1.689175930559e+00,3.993874172809e-01
9.949392393935e+00,2.161277477616e+02,4.320911996975e+00,9.538540567491e-01
4.033683468957e+00,4.461404477303e+02,3.842830410629e+00,4.770512649225e-02
2.296425606524e+00,1.460485264718e+02,2.615412873437e+00,1.590402338756e+00
1.737453300052e+01,1.026499700775e+04,3.435292018984e+00,3.821485695289e+00
9.417293312745e+00,2.994549936370e+02,2.008357344107e+00,1.630501587272e+00
1.503863283733e+01,9.807508575574e+00,2.805674887523e+00,1.309381468434e-01
5.962694503420e+00,1.634160915244e+03,4.345251830101e+00,2.734457512654e+00
1.262784214469e+01,1.476086087171e+02,2.552223396966e+00,5.455820216499e+00
1.361339029944e+01,5.240065451591e+01,1.731728159305e+00,2.146501922178e+00
1.511603480500e+01,9.908857829694e+00,6.146376977410e+00,1.380515256596e+00
4.246761658232e+00,5.485536341285e+01,6.027743133632e+00,1.715742468190e+00
1.871045527287e+01,2.746903692652e+00,1.546430357458e+00,6.952607818881e+00
1.439865269805e+01,6.022276292212e+01,5.465743306144e+00,1.499925187212e+00
1.241442292223e+01,4.321059423232e+04,6.711634985118e+00,2.960130606491e+00
1.330322003050e+01,5.470152843856e+01,5.355423126294e+00,5.337255191367e-01
1.689176959470e+01,6.013189698014e+01,1.878209694190e+00,1.783415653868e+00
2.116686128262e+01,1.185836886244e+02,3.419098362132e+00,1.185241553519e-01
1.358693887170e+01,9.197965323940e+00,1.601501704519e+00,8.953968300861e-01
1.218468571642e+01,7.346923812041e+02,3.762860484733e+00,2.955430974866e+00
8.451666237473e+00,1.592205519651e+01,5.942076815122e+00,2.089736420891e-01
1.396645924963e+01,1.430604964726e+02,3.663827781267e+00,2.968910904218e+00
-1.185343813173e+00,1.310533800811e+02,6.993242400654e+00,7.241151399633e-01
6.086943961130e+00,8.351438421797e+02,5.465017320037e+00,6.343483353227e-01
1.113218320641e+01,5.185852995251e+01,6.371630626027e+00,1.999910147728e+00
8.245202663519e+00,7.579888283811e+01,3.213426801013e+00,1.030845114057e+00
7.774827036143e+00,2.172370863060e+03,6.923980750851e+00,1.331953951449e+00
1.747851048704e+01,2.288885472962e+02,2.228115832865e+00,7.555991862723e-01
